nombre_central,tipo_tecnologia,potencia_instalada_mw,provincia
EL TUNAL,Hidroelectrica (Menor a 50 Mw),10.52,SALTA
CABRA CORRAL,Hidroelectrica,100.5,SALTA
CORRALITO,Sin Tecnologia declarada,,SALTA
LOS MADERAS,Hidroelectrica (Menor a 50 Mw),30.6,JUJUY
RIO REYES,Hidroelectrica (Menor a 50 Mw),7,JUJUY
TERMOANDES,Termica,226.7,SALTA
TERMOANDES,Termica,416,SALTA
GUEMES,Termica,100,SALTA
GUEMES,Termica,261,SALTA
SMARTIN TABACAL,Biomasa,,SALTA
LEDESMA,Termica,,JUJUY
ORAN ENARSA,Termica,15,SALTA
PIQUIRENDA,Termica,30.4,SALTA
CADILLAL,Hidroelectrica (Menor a 50 Mw),12.6,TUCUMAN
INDEPENDENCIA,Termica,120,TUCUMAN
PUEBLO VIEJO,Hidroelectrica (Menor a 50 Mw),15,TUCUMAN
TINOGASTA ENARS,Termica,15,CATAMARCA
ING.STA.BARBARA,Biomasa,,TUCUMAN
PLUSPETROL NORT,Termica,232,TUCUMAN
LA PROVIDENCIA,Biomasa,,TUCUMAN
C.T. TUCUMAN,Termica,158.6,TUCUMAN
C.T. TUCUMAN,Termica,288.4,TUCUMAN
S.M. DE TUCUMAN,Termica,151.3,TUCUMAN
S.M. DE TUCUMAN,Termica,230.7,TUCUMAN
ESCABA,Hidroelectrica (Menor a 50 Mw),24,TUCUMAN
ARAUCO EOLICO,Eolica,25.2,LA RIOJA
TEREVINTOS ENAR,Termica,8,CATAMARCA
P.IND.CAT ENARS,Termica,15,CATAMARCA
INTA CATAM ENAR,Termica,7,CATAMARCA
FRIAS,Termica,60,SANTIAGO DEL ESTERO
RIO HONDO,Hidroelectrica (Menor a 50 Mw),17.5,SANTIAGO DEL ESTERO
CHILECITO ENARS,Termica,10,LA RIOJA
LA RIOJA DELIV,Termica,19.2,LA RIOJA
L.RIOJA SUR ENA,Termica,10,LA RIOJA
LA BANDA,Termica,26,SANTIAGO DEL ESTERO
LOS QUIROGA,Hidroelectrica (Menor a 50 Mw),2,SANTIAGO DEL ESTERO
AÑATUYA,Termica,11.5,SANTIAGO DEL ESTERO
AÑATUYA,Termica,19.2,SANTIAGO DEL ESTERO
BANDERA DISTRIB,Termica,32.5,SANTIAGO DEL ESTERO
LA RIOJA,Termica,88,LA RIOJA
LIB. SAN MARTIN,Termica,15.26,JUJUY
L N ALEM ENARSA,Termica,15,MISIONES
A.D.VALL.ENARSA,Termica,15,MISIONES
BARRANQ. DISTRI,Termica,21.7,CHACO
CASTELLI,Termica,15,CHACO
CORRIENTES,Termica,20,CORRIENTES
CHARATA ENARSA,Termica,19.8,CHACO
FORMOSA DELIVER,Termica,30,FORMOSA
CT GOYA ENARSA,Termica,13,CORRIENTES
JUAREZ,Termica,4,FORMOSA
CT ITATI,Termica,7.2,CORRIENTES
PTA CELULOSA,Sin Tecnologia declarada,,MISIONES
LAG. BLANCA,Termica,7,FORMOSA
L.PALMAS ENARSA,Termica,7.2,CHACO
OBERA,Termica,12,MISIONES
PPEL MISIONERO,Sin Tecnologia declarada,,MISIONES
PASO DE LA PATR,Termica,7.2,CORRIENTES
PIRANE,Termica,16.25,FORMOSA
A.P. PTO PIRAY,Biomasa,,MISIONES
SAENZ PEÑA,Termica,20,CHACO
SAENZ PEÑA II,Termica,15,CHACO
S.MART. CHACO,Termica,15,CHACO
STA ROSA CORR,Termica,7.2,CORRIENTES
URUGUA-Ã,Sin Tecnologia declarada,,MISIONES
V.ANGELA ENARSA,Termica,15,CHACO
YACYRETA,Hidroelectrica,2745,
CH LS CORONELES,Hidroelectrica (Menor a 50 Mw),6.64,MENDOZA
AGUA DEL TORO,Hidroelectrica,150,MENDOZA
C.H.CACHEUTA,Hidroelectrica,120,MENDOZA
CARACOLES,Hidroelectrica,121.4,SAN JUAN
CH CARRIZAL,Hidroelectrica (Menor a 50 Mw),17,MENDOZA
C.HOND 1 FOTOVO,Fotovoltaica,2,SAN JUAN
C.H. A.CONDARCO,Hidroelectrica,54.4,MENDOZA
CRUZ DE PIEDRA,Termica,14,MENDOZA
CTA. DEL VIENTO,Hidroelectrica (Menor a 50 Mw),10.55,SAN JUAN
EL TIGRE,Hidroelectrica (Menor a 50 Mw),14,MENDOZA
LOS REYUNOS,Hidroelectrica,224,MENDOZA
LUJAN DE CUYO,Termica,120,MENDOZA
LUJAN DE CUYO,Termica,195.97,MENDOZA
LUJAN DE CUYO,Termica,69.77,MENDOZA
LUJAN DE CUYO,Termica,92496,MENDOZA
LUJAN DE CUYO,Termica,95.32,MENDOZA
NIHUIL 1,Hidroelectrica,72,MENDOZA
NIHUIL 2,Hidroelectrica,110,MENDOZA
NIHUIL 3,Hidroelectrica,42,MENDOZA
NIHUIL 4,Hidroelectrica (Menor a 50 Mw),18,MENDOZA
PUNTA NEGRA,Hidroelectrica,63.28,SAN JUAN
QUEBRADA ULLUM,Hidroelectrica (Menor a 50 Mw),45,SAN JUAN
CH SAN MARTIN,Hidroelectrica (Menor a 50 Mw),6.48,MENDOZA
SARMIENTO SJ,Termica,30,SAN JUAN
ULLUM,Hidroelectrica (Menor a 50 Mw),42,SAN JUAN
ARAUCO EOLICO 2,Eolica,25.2,LA RIOJA
S.JUAN I FOTOVO,Fotovoltaica,1.2,SAN JUAN
C.HOND 2 FOTOVO,Fotovoltaica,3,SAN JUAN
CHIMBE 1 FOTOVO,Fotovoltaica,2,SAN JUAN
ALICURA,Hidroelectrica,1050,NEUQUEN
BARILOCHE ENARS,Termica,20,RIO NEGRO
FILO MORADO,Termica,62.9,NEUQUEN
P.HERNANDEZ YPF,Termica,,NEUQUEN
AG. LOMITAS,Termica,,NEUQUEN
EL TRAPIAL,Termica,,NEUQUEN
USINA CAMPAMENTO,Sin Tecnologia declarada,,NEUQUEN
RINCON SAUCES,Termica,32,NEUQUEN
ENTRE LOMAS,Termica,,RIO NEGRO
TERMOROCA,Termica,133.13,RIO NEGRO
TERMOROCA,Termica,60,RIO NEGRO
CIPOLLETTI,Hidroelectrica (Menor a 50 Mw),5.4,RIO NEGRO
CIPOLLETI (ENA,Termica,5,RIO NEGRO
JULIAN ROMERO,Hidroelectrica (Menor a 50 Mw),6.2,RIO NEGRO
IMEXTRADE,Sin Tecnologia declarada,,RIO NEGRO
CAPEX AUTOPROD.,Termica,176.1,NEUQUEN
CAPEX AUTOPROD.,Termica,301,NEUQUEN
ALTO VALLE,Termica,16,NEUQUEN
ALTO VALLE,Termica,30,NEUQUEN
ALTO VALLE,Termica,50,NEUQUEN
ARROYITO,Hidroelectrica,127.8,NEUQUEN
PLAZA HUINCUL,Termica,,NEUQUEN
REALICO,Termica,24,LA PAMPA
SALTO ANDERSEN,Hidroelectrica (Menor a 50 Mw),7.9,RIO NEGRO
CT NEUQUEN,Termica,105,NEUQUEN
CT NEUQUEN,Termica,180,NEUQUEN
CT NEUQUEN,Termica,375,NEUQUEN
P. BANDERITA,Hidroelectrica,472,NEUQUEN
CHOCON,Hidroelectrica,1290,NEUQUEN
CESPEDES,Hidroelectrica (Menor a 50 Mw),5.2,RIO NEGRO
PICHI P. LEUFU,Hidroelectrica,285,RIO NEGRO
PIEDRA D AGUILA,Hidroelectrica,1440,NEUQUEN
CASA DE PIEDRA,Hidroelectrica,60,RIO NEGRO
RIO CHICO,Termica,50,SANTA CRUZ
RIO CHICO DI,Termica,,SANTA CRUZ
RIO TURBIO,Termica,,SANTA CRUZ
HUEMUL SINOPEC,Termica,,SANTA CRUZ
FUTALEUFU,Hidroelectrica,560,CHUBUT
YPF LOS PERALES,Termica,,SANTA CRUZ
PICO TRUNCADO 1,Termica,45,SANTA CRUZ
ALUAR,Termica,37,CHUBUT
ALUAR,Termica,76,CHUBUT
EL TORDILLO,Eolica,3,CHUBUT
DIADEMA EOLICO,Eolica,6.3,CHUBUT
C.T. PATAGONIA,Termica,48.7,CHUBUT
C.T. PATAGONIA,Termica,76.4,CHUBUT
CDRO RIVADAVIA,Termica,73,CHUBUT
RAWSONI ENARSA,Eolica,52.5,CHUBUT
L.BLANC 4 ENARS,Eolica,50,CHUBUT
F. AMEGHINO,Hidroelectrica (Menor a 50 Mw),46.8,CHUBUT
MESETA ESPINOSA,Termica,,SANTA CRUZ
RAWSONII ENARSA,Eolica,31.15,CHUBUT
S. GRANDE ARG,Hidroelectrica,945,ENTRE RIOS
LA PAZ E.RIOS,Termica,10.8,ENTRE RIOS
VIALE E. RÍOS,Termica,10,ENTRE RIOS
BRIGAD. LOPEZ,Termica,280,SANTA FE
S.SALVADOR ERIO,Termica,10.8,ENTRE RIOS
CERES ENARSA,Termica,18,SANTA FE
RAFAELA,Termica,19.2,SANTA FE
CT TIMBUES(GSMA,Termica,280.3,SANTA FE
CT TIMBUES(GSMA,Termica,584.84,SANTA FE
CT VUELTA OBLIG,Termica,280,SANTA FE
CT VUELTA OBLIG,Termica,566565,SANTA FE
V. TUERTO DELIV,Termica,19.2,SANTA FE
RUFINO STA FE,Termica,31.9,SANTA FE
SULFACID,Sin Tecnologia declarada,,SANTA FE
MOLINOS AUTOG.,Termica,,SANTA FE
SORRENTO,Termica,217,SANTA FE
SAN ROQUE,Hidroelectrica (Menor a 50 Mw),24,CORDOBA
SUD OESTE,Termica,100,CORDOBA
LA VINIA,Hidroelectrica (Menor a 50 Mw),16,CORDOBA
BENJAMIN REOLIN,Hidroelectrica (Menor a 50 Mw),33,CORDOBA
PIEDRAS MORAS,Hidroelectrica (Menor a 50 Mw),6.3,CORDOBA
CASSAFOUSTH,Hidroelectrica (Menor a 50 Mw),16.2,CORDOBA
FITZ SIMON,Hidroelectrica (Menor a 50 Mw),10.5,CORDOBA
MARANZANA,Termica,120,CORDOBA
MARANZANA,Termica,60,CORDOBA
MARANZANA,Termica,68,CORDOBA
MARANZANA,Termica,94961,CORDOBA
EMBALSE,Nuclear,648,CORDOBA
RIO GRANDE,Hidroelectrica,750,CORDOBA
DEAN FUNES,Termica,32,CORDOBA
PILAR,Termica,136,CORDOBA
PILAR,Termica,330,CORDOBA
SAN FRANCISCO,Termica,39,CORDOBA
MARIO SEVESO,Termica,,CORDOBA
LOS MOLINOS,Hidroelectrica,52,CORDOBA
LOS MOLINOS 2,Hidroelectrica (Menor a 50 Mw),4.5,CORDOBA
VILLA MARIA,Termica,48,CORDOBA
BELL VILLE,Termica,15.6,CORDOBA
LEVALLE,Termica,46,CORDOBA
ISLA VERDE,Termica,24.5,CORDOBA
13 DE julio,Termica,26,CORDOBA
CO. ARGENER,Termica,163.3,BUENOS AIRES
ARRECIFES ENARS,Termica,20,BUENOS AIRES
ATUCHA II,Nuclear,745,BUENOS AIRES
ATUCHA,Nuclear,362,BUENOS AIRES
COLON BSAS,Termica,15.3,BUENOS AIRES
LINCOLN,Termica,15,BUENOS AIRES
VILLEGAS ENARSA,Termica,23.5,BUENOS AIRES
NECOCHEA,Termica,204,BUENOS AIRES
MAR DEL PLATA,Termica,120.88,BUENOS AIRES
MAR DEL PLATA,Termica,56,BUENOS AIRES
MIRAMAR I ENARS,Termica,20,BUENOS AIRES
BAHIA BLANCA,Termica,620,BUENOS AIRES
ECOENERG CERRI,Termica,13.2,BUENOS AIRES
SOLALBAN,Termica,,BUENOS AIRES
GUILLERMO BROWN,Termica,582.6,BUENOS AIRES
AES-PARANA,Termica,24.25,BUENOS AIRES
AES-PARANA,Termica,319.3,BUENOS AIRES
AES-PARANA,Termica,525.96,BUENOS AIRES
SAN NICOLAS,Termica,25,BUENOS AIRES
SAN NICOLAS,Termica,650,BUENOS AIRES
ACEROS PARANA,Termica,,BUENOS AIRES
JUNIN,Termica,22,BUENOS AIRES
CAPITAN SARMIEN,Termica,5,BUENOS AIRES
SIDERCA,Sin Tecnologia declarada,,BUENOS AIRES
LOBOS ENARSA,Termica,19.68,BUENOS AIRES
GRAL BELGRANO,Termica,285.98,BUENOS AIRES
GRAL BELGRANO,Termica,587.02,BUENOS AIRES
MAR DE AJO,Termica,30,BUENOS AIRES
VILLA GESELL,Termica,45,BUENOS AIRES
VILLA GESELL,Termica,80,BUENOS AIRES
ALTE BROWN ENAR,Termica,25,BUENOS AIRES
MAGDALENA ENARS,Termica,25,BUENOS AIRES
ENSE. BARRAGAN,Termica,567,BUENOS AIRES
CO. ENSENADA,Termica,128,BUENOS AIRES
LA PLATA,Termica,40.4,BUENOS AIRES
DIQUE,Termica,55,BUENOS AIRES
DOCK SUD,Termica,284.6,BUENOS AIRES
DOCK SUD,Termica,512.9,BUENOS AIRES
DOCK SUD,Termica,72,BUENOS AIRES
S.VICENTE BSAS,Termica,27.6,BUENOS AIRES
AUTOPROD.SHELL,Termica,,BUENOS AIRES
COSTANERA,Termica,1131,CIUDAD AUTONOMA DE BUENOS
COSTANERA,Termica,322.2,CIUDAD AUTONOMA DE BUENOS
COSTANERA,Termica,528.8,CIUDAD AUTONOMA DE BUENOS
C.T. GENELBA,Termica,182.05,BUENOS AIRES
C.T. GENELBA,Termica,187.56,BUENOS AIRES
C.T. GENELBA,Termica,193.63,BUENOS AIRES
C.T. GENELBA,Termica,230.88,BUENOS AIRES
C.T. GENELBA,Termica,453.52,BUENOS AIRES
NUEVO PUERTO,Termica,282,CIUDAD AUTONOMA DE BUENOS
NUEVO PUERTO,Termica,390,CIUDAD AUTONOMA DE BUENOS
NUEVO PUERTO,Termica,516,CIUDAD AUTONOMA DE BUENOS
PUERTO NUEVO,Termica,589,CIUDAD AUTONOMA DE BUENOS
S.MIGUEL N ENAR,Biogas,11.5,BUENOS AIRES
BUENOS AIRES,Termica,103.1,CIUDAD AUTONOMA DE BUENOS
BUENOS AIRES,Termica,218.5,CIUDAD AUTONOMA DE BUENOS
MOTORES COSTANE,Termica,35.6,CIUDAD AUTONOMA DE BUENOS
EL JUME,Eolica,8,SANTIAGO DEL ESTERO
SALTOII SOENERG,Termica,63,BUENOS AIRES
MATHEU APR ENER,Termica,229,BUENOS AIRES
CAIMANCITO,Termica,91,JUJUY
BRAGADO II,Termica,58.5,BUENOS AIRES
BRAGADO III,Termica,61.2,BUENOS AIRES
G ROJO R.ENERGY,Termica,150999,BUENOS AIRES
G ROJO R.ENERGY,Termica,50.6,BUENOS AIRES
G ROJO R.ENERGY,Termica,57.05,BUENOS AIRES
PEREZ SECCO,Termica,81088,SANTA FE
CAÑADA DE GOMEZ,Termica,67232,SANTA FE
VILLA OCAMPO,Termica,50.35,SANTA FE
CB YANQUETRUZ,Biogas,1.5,SAN LUIS
RENOVA ALBANESI,Termica,172,SANTA FE
PILAR BSAS,Termica,100398,BUENOS AIRES
AG PTO ESPERANZ,Biomasa,,MISIONES
H RIO ESCONDIDO,Hidroelectrica (Menor a 50 Mw),7.2,RIO NEGRO
CT ANCHORI METH,Termica,40,MENDOZA
CT EZEIZA,Termica,102.1,BUENOS AIRES
CT EZEIZA,Termica,50,BUENOS AIRES
LOMA CAMPANA,Termica,105,NEUQUEN
BARKER UGENERGY,Termica,141.99,BUENOS AIRES
BARKER UGENERGY,Termica,50.9,BUENOS AIRES
BARKER UGENERGY,Termica,54.95,BUENOS AIRES
MOTOR. B.BLANCA,Termica,100.02,BUENOS AIRES
RAWSON 3 EOLICO,Eolica,25.05,CHUBUT
SAN PEDRO BSAS,Termica,108,BUENOS AIRES
SAN PEDRO BSAS,Termica,50.46,BUENOS AIRES
C.T BRACHO,Termica,199,TUCUMAN
C.T BRACHO,Termica,274,TUCUMAN
CT MATHEU III,Termica,254,BUENOS AIRES
CT LUJAN BSAS,Termica,127.3,BUENOS AIRES
P.E. CORTI,Eolica,100,BUENOS AIRES
MANANTIALES BEHR (YPF),Eolica,99,CHUBUT
P.S. Caldenes O,Fotovoltaica,24.75,SAN LUIS
P.S. La Cumbre,Fotovoltaica,22,SAN LUIS
C.T ZARATE,Termica,212.2,BUENOS AIRES
PE La Castellana,Eolica,100.8,BUENOS AIRES
P.S. Nonogasta,Fotovoltaica,35,LA RIOJA
P.E. Achiras,Eolica,48,CORDOBA
V.MARIA UENSA,Termica,150.12,CORDOBA
V.MARIA UENSA,Termica,49.5,CORDOBA
V.MARIA UENSA,Termica,55.6,CORDOBA
BIO R.Cuarto 1,Biogas,1.56,CORDOBA
BIO R.Cuarto 1,Biogas,2,CORDOBA
BIO R.Cuarto 2,Biogas,1.2,CORDOBA
PS Las Lomitas,Fotovoltaica,1.7,SAN JUAN
PMADRYN I ENARS,Eolica,71.1,CHUBUT
PMADRYNII ENARS,Eolica,151.2,CHUBUT
PE Chubut Norte,Eolica,28.8,CHUBUT
P.E. Garayalde,Eolica,24.15,CHUBUT
Parque Solar Chepes LEDLAR,Fotovoltaica,2,LA RIOJA
C.T. PRODEMAN BIOENERGIA,Biomasa,,CORDOBA
C.T. TICINO BIOMASA S.A.,Biomasa,,CORDOBA
P.S. Tinogasta,Fotovoltaica,15,CATAMARCA
P.S. TINOGASTA II,Fotovoltaica,7,CATAMARCA
P.S. Fiambala,Fotovoltaica,11,CATAMARCA
P.S. Saujil,Fotovoltaica,22.5,CATAMARCA
P.S. Ullum N1,Fotovoltaica,25,SAN JUAN
P.S. Ullum N2,Fotovoltaica,25,SAN JUAN
P.S. Ullum 3,Fotovoltaica,32,SAN JUAN
VILLALONGA EOLI,Eolica,51.75,BUENOS AIRES
EÓLICO VILLALONGA II GENNEIA (MATER),Eolica,3.45,BUENOS AIRES
PS. Iglesia Guañizuil,Fotovoltaica,80,SAN JUAN
Parque eolico ALUAR I (MATER),Eolica,68.4,CHUBUT
PAH L.D.CUYO EN,Hidroelectrica (Menor a 50 Mw),1,MENDOZA
PAH LUJANITA EN,Hidroelectrica (Menor a 50 Mw),1.7,MENDOZA
P.E. Bicentenario,Eolica,100.8,SANTA CRUZ
Parque Eólico del Bicentenario II (MATER),Eolica,25.2,SANTA CRUZ
P.S. La Cumbre II,Fotovoltaica,4,SAN LUIS
P.S. Pasip,Fotovoltaica,1.15,MENDOZA
S. de la Punta,Fotovoltaica,5,SAN LUIS
C.T. AVELLANEDA. SANTA FE,Biogas,6.3,SANTA FE
Parque de los Llanos (MATER),Fotovoltaica,20,LA RIOJA
C.T. ENSENADA. BRS,Biogas,5.3,BUENOS AIRES
P.E. Pomona I,Eolica,101.4,RIO NEGRO
Parque Eólico POMONA II (MATER),Eolica,11.7,RIO NEGRO
P.S. Ullum 4,Fotovoltaica,13.5,SAN JUAN
P.S. ULLUM 4 (AMPLIACION MATER),Fotovoltaica,7,SAN JUAN
P.E. Pampa Energía III,Eolica,50.4,BUENOS AIRES
Parque Eólico Pampa Energía (MATER),Eolica,50.4,BUENOS AIRES
P.S. Cafayate,Fotovoltaica,80,SALTA
AGUA DEL CAJON,Termica,184.4,NEUQUEN
MAR DEL PLATA 2,Termica,94.74,BUENOS AIRES
M. JUAREZ EPEC,Termica,5.14,CORDOBA
CATAMARC DELIV,Termica,19.2,CATAMARCA
NIDERA JUNIN,Biomasa,,BUENOS AIRES
RÍO TERC SOENER,Termica,60,CORDOBA
INDEP 2 ETAP 1,Termica,49.6,TUCUMAN
INDEP 2 ETAP 2,Termica,49,TUCUMAN
Loma Campana 2,Termica,107,NEUQUEN
ELECTROPAT.,Termica,21,CHUBUT
ELECTROPAT.,Termica,42,CHUBUT
P.ROCA CHACO,Termica,6,CHACO
Parque Eólico La Castellana II (MATER),Eolica,15.2,BUENOS AIRES
P.E. DIADEMA II,Eolica,27.6,CHUBUT
Parque eólico Autogeneración ALUAR,Eolica,93.6,CHUBUT
Parque Eólico Vientos La Genoveva II (MATER),Eolica,41.8,BUENOS AIRES
P.E. ARAUCO II (ETAPA 1 Y 2),Eolica,99.75,LA RIOJA
P.E. ENERGETICA I fase 2 (MATER),Eolica,19.95,BUENOS AIRES
C.T. COGENERACIÓN INGENIO LEALES,Biomasa,2,TUCUMAN
C.T. CITRUSVIL,Biogas,3,TUCUMAN
Cerros del Sol,Fotovoltaica,5,SAN LUIS
Planta fotovoltaica Solar de los Andes (MATER),Fotovoltaica,5,MENDOZA
Parque eólico Manque,Eolica,57,CORDOBA
Parque eólico San Jorge y El Mataco,Eolica,203.4,BUENOS AIRES
C.At.Necochea I,Eolica,37.95,BUENOS AIRES
C.T. PERGAMINO,Biogas,2.4,BUENOS AIRES
PE La Banderita,Eolica,39.6,LA PAMPA
C.T. LAS JUNTURAS,Biomasa,0.6,CORDOBA
C.T. GIGENA I,Biogas,1.2,CORDOBA
C.T. BIO JUSTO DARACT,Biogas,1,SAN LUIS
H Tib. Benegas,Hidroelectrica (Menor a 50 Mw),1.7,MENDOZA
Proyecto Solar Los Diaguitas (MATER),Fotovoltaica,1.8,SAN JUAN
Parque eólico Los Olivos,Eolica,22.8,CORDOBA
P.E. ENERGETICA I,Eolica,79.8,BUENOS AIRES
PE GARCÍA DEL RÍO,Eolica,10,BUENOS AIRES
P.A.H. LUNLUNTA,Hidroelectrica (Menor a 50 Mw),6.34,MENDOZA
BM Santa Rosa,Biomasa,15,CORRIENTES
P.S. ANCHIPURAC,Fotovoltaica,3,SAN JUAN
C.T. VILLA DEL ROSARIO,Biogas,1,CORDOBA
P.E. VIENTOS NEUQUINOS I,Eolica,100485,NEUQUEN
P.E. LA GENOVEVA,Eolica,88.2,BUENOS AIRES
P.E. CHUBUT NORTE IV,Eolica,83.22,CHUBUT
P.E. CHUBUT NORTE III,Eolica,57.66,CHUBUT
P.E. CHUBUT NORTE II,Eolica,26.28,CHUBUT
P.E. Kosten,Eolica,24,CHUBUT
CG La Plata YPF,Termica,90.2,BUENOS AIRES
Proyecto Solar Tamberias (MATER),Fotovoltaica,2.7,SAN JUAN
L.BLANC 2 ENARS,Eolica,51.2,CHUBUT
Parque Eólico Los Teros,Eolica,122.56,BUENOS AIRES
C.T. PACUCA BIO ENERGIA. ROQUE PEREZ. BSAS.,Biogas,1,BUENOS AIRES
C.T. General Alvear,Biogas,1,BUENOS AIRES
P.E. Miramar,Eolica,98.6,BUENOS AIRES
COG Terminal 6,Termica,305.34,SANTA FE
COG Terminal 6,Termica,74.7,SANTA FE
PE Vient Secano,Eolica,50,BUENOS AIRES
C.T. BIOMASA UNITAN. Puerto Tirol,Biomasa,6.7,CHACO
H Guaym. Slto 6,Hidroelectrica (Menor a 50 Mw),1.2,MENDOZA
C.T. VENADO TUERTO. BG. SEEDS ENERGY,Biogas,2.1,SANTA FE
C.T. TIGONBU,Biogas,2,SAN LUIS
P.S. CAUCHARI 1,Fotovoltaica,100,JUJUY
P.S. CAUCHARI 2,Fotovoltaica,100,JUJUY
P.S. CAUCHARI 3,Fotovoltaica,100,JUJUY
MALASPINA1 ENAR,Eolica,50.4,CHUBUT
H Guaym. Slto 8,Hidroelectrica (Menor a 50 Mw),1.2,MENDOZA
P.A.H. SALTO 7 CANAL CACIQUE GUAYMALLEN,Hidroelectrica (Menor a 50 Mw),1.2,MENDOZA
L.BLANC 3 ENARS,Eolica,51.2,CHUBUT
L.BLANC 1 ENARS,Eolica,51.2,CHUBUT
PE LOS HERCULES,Eolica,97.2,SANTA CRUZ
C.T. BIOGENERADORA SANTA CATALINA. CORDOBA,Biogas,2,CORDOBA
C.T. LA ESCONDIDA. INDUNOR S.A.,Biomasa,10,CHACO
C.T. Manantiales Behr II,Sin Tecnologia declarada,,CHUBUT
PE L. Blanca 6,Eolica,102.4,CHUBUT
C.T. AB ENERGIA. 25 DE MAYO . LA PAMPA,Biogas,2,LA PAMPA
Parque Eólico Los Teros II (MATER),Eolica,52.39,BUENOS AIRES
P.S. TIERRA SANTA,Fotovoltaica,0.45,SAN LUIS
C.T. RESENER I,Biogas,0.8,BUENOS AIRES
C.T. ARREBEEF ENERGIA,Biogas,1.5,BUENOS AIRES
P.S. GUAÑIZUIL II A,Fotovoltaica,100,SAN JUAN
P.A.H. CRUZ DEL EJE,Hidroelectrica (Menor a 50 Mw),0.5,CORDOBA
P.A.H. BOCA DEL RIO,Hidroelectrica (Menor a 50 Mw),0.5,CORDOBA
CT LOMA DE LA LATA MOTORES,Termica,15,NEUQUEN
C.T. BIOGAS SAN MARTIN NORTE III D,Biogas,5.1,BUENOS AIRES
P.S. ALTIPLANO I,Fotovoltaica,100,SALTA
P.S. La Puna,Fotovoltaica,100,SALTA
PE CAÑADON LEON,Eolica,101.52,SANTA CRUZ
P.E. Cañadon Leon (ampliacion),Eolica,21.15,SANTA CRUZ
P.A.H. SALTO 11 CANAL CACIQUE GUAYMALLEN,Hidroelectrica (Menor a 50 Mw),,MENDOZA
P.S.F.V TINOGASTA TOZZI,Fotovoltaica,,CATAMARCA
SALTO D LA LOMA,Hidroelectrica (Menor a 50 Mw),0.55,SAN JUAN
P.S.F.V HELIOS SANTA ROSA PV,Fotovoltaica,,MENDOZA
C.T. POLLOS SAN MATEO,Biogas,,CORDOBA
P.S. SIERRAS DEL ULLUM,Fotovoltaica,,SAN JUAN
S.Maria Catamar,Termica,3.2,CATAMARCA
Puerto Madryn,Termica,42,CHUBUT
N.Esperanza Pre,Termica,06.05,SANTIAGO DEL ESTERO
Necochea Eolico,Eolica,0.25,BUENOS AIRES
Goya,Termica,,CORRIENTES
CT ZAPPALORTO - APR ENERGY,Termica,109.04,BUENOS AIRES
CTBG BIO ENERGÍA YANQUETRUZ II,Biogas,0.8,SAN LUIS
PAH TRIPLE SALTO UNIFICADO,Hidroelectrica (Menor a 50 Mw),0.51,MENDOZA
PTA FOTOVOLTAICA S.JUAN I-EPSE,Fotovoltaica,0.48,SAN JUAN
C.H. SAN GUILLERMO SIEyE,Hidroelectrica (Menor a 50 Mw),0.1,SAN JUAN
MOLINO JUAN SEMINO SA,Hidroelectrica,,SANTA FE
EMSA GENERACION,Termica,2048,MISIONES
PAH SALTO DE LA LOMA,Hidroelectrica (Menor a 50 Mw),,SAN JUAN
PAPEL MISIONERO S.A.,Biomasa,,MISIONES
EMSA GENERACION,Termica,16.8,MISIONES
YPF CT MANANTIALES BEHR II AG,Termica,,CHUBUT
C.FOTOV. CAÑADA HONDA 3-ENARSA,Fotovoltaica,,SAN JUAN
BIOGAS RS CT GONZ. CATAN SECCO,Biogas,,BUENOS AIRES
CT BIOMASA GARRUCHOS,Biomasa,36,CORRIENTES
PQUE FOTOV.LA CUMBRE 3,Fotovoltaica,,SAN LUIS
EPEC GENERACION,Hidroelectrica (Menor a 50 Mw),1.1,CORDOBA
CT BIOMASA MM BIOENERGÍA,Biomasa,3,CORDOBA
EMSA GENERACION,Termica,2396,MISIONES
P.SOLAR ALTO TINOG3 BGOADROGUE,Fotovoltaica,,CATAMARCA
P.SOLAR ALTO TINOG2 BINGO KING,Fotovoltaica,,CATAMARCA
PQUE SOLAR ALTOS DE TINOGASTA,Fotovoltaica,,CATAMARCA
CT ACONCAGUA ENERGÍA AUTOGENER,Termica,,MENDOZA
COOP. MNO. MORENO BS. AS.GENER,Termica,7,BUENOS AIRES
CTBG GENERAL VILLEGAS Ren 2,Biogas,,BUENOS AIRES
ENERGIA AGRO S.A.U,Biogas,1415,SANTA FE
BIOGAS CTBG ENRECO,Biogas,2,CORDOBA
EPEC GENERACION,Hidroelectrica (Menor a 50 Mw),4.4,CORDOBA
CHORRIACA,Termica,,NEUQUEN
CHACHARRAMENDI,Termica,,LA PAMPA
SAN ANTONIO DE LOS COBRES,Termica,,SALTA
CENTRAL TÉRMICA PIEDRA NEGRA,Termica,,JUJUY
LA HUMADA,Termica,,LA PAMPA
ARBOL SOLO,Termica,,LA PAMPA
COMANDANCIA FRÍAS,Termica,,CHACO
COLONIA LA PASTORIL,Termica,,LA PAMPA
BERNARDO DE IRIGOYEN,Termica,,MISIONES
VILLA TRAFUL,Termica,,NEUQUEN
LAS COLORADAS,Termica,,NEUQUEN
IRUYA,Termica,,SALTA
SANTA ISABEL,Termica,,LA PAMPA
EL CAIN,Termica,,RIO NEGRO
CERRO POLICÍA,Termica,,RIO NEGRO
EL CUY,Termica,,RIO NEGRO
CHAPALCO,Termica,,LA PAMPA
ANTOFAGASTA DE LA SIERRA,Termica,,CATAMARCA
SANTA ROSA DE LOS PASTOS GRANDES,Termica,,SALTA
LA TABLADA,Termica,,MISIONES
VILLA LA ANGOSTURA,Termica,,NEUQUEN
JAGUEL DEL MONTE,Termica,,LA PAMPA
EL PEÑON,Termica,,CATAMARCA
RIPIERA,Termica,1.6,CATAMARCA
DESIDERIO TELLO,Termica,4.4,LA RIOJA
MILAGRO,Termica,0.88,LA RIOJA
PORTEZUELO,Termica,04.04,LA RIOJA
VICUÑAS,Termica,3.68,LA RIOJA
CHEPES,Termica,5.6,LA RIOJA
OLPAS,Termica,0.88,LA RIOJA
BIOGAS CTBG BIO DE SOUZA,Biogas,,BUENOS AIRES
P.EOLICO PAMPA ENERGIA,Eolica,,BUENOS AIRES
BIOGAS CTBG BIO-EITTOR ENERGY,Biogas,,BUENOS AIRES
PQUE SOLAR CURA BROCHERO MATER,Fotovoltaica,,CORDOBA
PQUE SOLAR CURA BROCHERO REN2,Fotovoltaica,,CORDOBA
EDEN GENERACION,Termica,5114,BUENOS AIRES
EDEN GENERACION,Termica,1.76,BUENOS AIRES
EDEN GENERACION,Termica,2.64,BUENOS AIRES
EDEN GENERACION,Termica,3.8,BUENOS AIRES
EPEC GENERACION,Termica,5342,CORDOBA
CT SALTA - ENARSA,Termica,,SALTA
C.FOTOV. CAÑADA HONDA 4,Fotovoltaica,,SAN JUAN
EMSA GENERACION,Termica,,MISIONES